<?xml version="1.0" encoding="UTF-8"?>
<metadata xml:lang="en"><Esri><CreaDate>20170111</CreaDate><CreaTime>15570800</CreaTime><SyncOnce>TRUE</SyncOnce><DataProperties><itemProps><itemLocation><linkage Sync="TRUE">file://\\1528sr-riskmap\projects\02\NJ\OCEAN_34029\STUDY_PMR_TO01\DELIVERABLES\REVISED_PRELIM\ARCSHAPE\s_fld_haz_ar</linkage><protocol Sync="TRUE">Local Area Network</protocol></itemLocation></itemProps><copyHistory><copy source="C:\Users\Heather_Blair\Documents\Ocean\working\s_fld_haz_ar" dest="\\1528sr-riskmap\projects\02\NJ\OCEAN_34029\STUDY_PMR_TO01\DELIVERABLES\REVISED_PRELIM\ARCSHAPE\s_fld_haz_ar" date="20150126" time="11322700"></copy></copyHistory><lineage><Process ToolSource="c:\program files (x86)\arcgis\desktop10.0\ArcToolbox\Toolboxes\Data Management Tools.tbx\CalculateField" Date="20150121" Time="144650">CalculateField s_fld_haz_ar V_DATUM "NAVD88" VB #</Process><Process ToolSource="c:\program files (x86)\arcgis\desktop10.0\ArcToolbox\Toolboxes\Data Management Tools.tbx\CalculateField" Date="20150121" Time="144707">CalculateField s_fld_haz_ar LEN_UNIT "FEET" VB #</Process><Process ToolSource="c:\program files (x86)\arcgis\desktop10.0\ArcToolbox\Toolboxes\Data Management Tools.tbx\CalculateField" Date="20150123" Time="143422">CalculateField s_fld_haz_ar AR_REVERT "" VB #</Process></lineage></DataProperties><ArcGISFormat>1.0</ArcGISFormat></Esri></metadata>
